Mes,Avaliacao_Media
2022_06,3.397487
2022_05,3.299396
2022_07,3.265897
2022_02,3.230088
2022_01,3.098643
2022_03,3.051851
2022_04,2.839238
